{"Concepts/Science/Physics/Fluid-Dynamics/Navier-Stokes-Equations":{"title":"Navier-Stokes Equations","links":["Fluid-Dynamics","Concepts/Math/Differential-Equations/Partial-Differential-Equations","Concepts/Science/Physics/Fluid-Dynamics/Fluids","Concepts/Science/Physics/Newtonian-Mechanics/Velocity","Concepts/Science/Physics/Materials/Density","Concepts/Science/Physics/Fluid-Dynamics/Pressure","Viscosity","Concepts/Science/Physics/Newtonian-Mechanics/Force","Concepts/Math/Calculus/Derivatives/Multivariable/Divergence-Operator","Concepts/Science/Chemistry/Law-of-Conservation-of-Matter","Concepts/Math/Calculus/Derivatives/Multivariable/Partial-Derivatives","Concepts/Math/Calculus/Derivatives/Multivariable/Gradient-Vector","Laplace-Operator"],"tags":["science/physics/fluids"],"content":"Topic: Fluid Dynamics\nNavier-Stokes Equations\nThe Navier-Stokes Equations are a series of Partial Differential Equations that describe the motion of Fluids.\nThey can be presented in many forms.\nIncompressible, Newtonian Fluids\nLet \\vec{\\textbf{u}} denote Velocity, \\rho denote fluid Density, p denote Pressure, \\mu denote Viscosity, and \\vec{\\textbf{F}} denote any external Force.\nThe Divergence Operator of the velocity is 0 (essentially, Law of Conservation of Matter):\n\\nabla \\cdot \\vec{\\textbf{u}} = 0\nThe acceleration is dependent on internal forces and external forces:\n\\rho \\frac{\\partial \\vec{\\textbf{u}}}{\\partial t} = - \\nabla p + \\mu \\nabla^{2} \\vec{\\textbf{u}} + \\rho \\vec{\\textbf{F}}\n(note the Partial Derivatives, Gradient, and Laplace Operator).\nWe can develop some basic intuition for each of these terms. The gradient term implies that the the fluid will tend to accelerate from a high pressure area to a low pressure one. The viscosity term acts much like friction, but it can also spread out. The third term is the result of external forces like gravity, walls, or other restrictions on the liquid.\n\nReferences"},"Concepts/Science/Physics/Fluid-Dynamics/Pascals-Principle":{"title":"Pascals Principle","links":["Concepts/Science/Physics/Fluid-Dynamics/Fluids","Concepts/Science/Physics/Fluid-Dynamics/Hydraulics","Textbooks/Physics/Physics-for-Scientists-and-Engineers/Physics-for-Scientists--and--Engineers-with-Modern-Physics"],"tags":["flashcards","science/physics"],"content":"Topic: Fluids\nPascal’s Principle\nWhat is Pascal’s Principle? :?: The principle that the pressure throughout a fluid is equal.\n\nFormally, Pascal’s Principle might be defined as:\n\nA pressure change at any point in a confined and in-compressible fluid is transmitted throughout the fluid such that the same change occurs everywhere.\n\nThis is the fundamental principle through which Hydraulics work.\n\nReferences\nPhysics for Scientists &amp; Engineers with Modern Physics; Chapter 13"},"Concepts/Science/Physics/Fluid-Dynamics/Pressure":{"title":"Pressure","links":["Concepts/Science/Physics/Fluid-Dynamics/Fluids","Textbooks/Physics/Physics-for-Scientists-and-Engineers/Physics-for-Scientists--and--Engineers-with-Modern-Physics"],"tags":["flashcards","science/physics"],"content":"Topic: Fluids\nPressure\n\\text{Pressure} = P = \\frac{F}{A}\nMeasured in Pascals: 1 Pa = 1 N / m^2. Also measured in kilopascals kPa, atmospheres 1 atm = 101.3 kPa, and pounds per square inch, 1 atm = 14.7 psi.\nPressure always acts perpendicular to the surface of an object.\nThe pressure force in a fluid is caused by:\n\nThe weight of the column of fluid above\nThe collisions of fluid molecules\n\nWhat is pressure? :?: Force per unit area.\n\n\nReferences\nPhysics for Scientists &amp; Engineers with Modern Physics; Chapter 13"},"Concepts/Science/Physics/Fluid-Dynamics/Saturated-Vapor-Pressure":{"title":"Saturated Vapor Pressure","links":["Concepts/Science/Physics/Fluid-Dynamics/Fluids","Concepts/Science/Physics/Fluid-Dynamics/Vapor","Evaporation","Textbooks/Physics/Physics-for-Scientists-and-Engineers/Physics-for-Scientists--and--Engineers-with-Modern-Physics"],"tags":["science/physics"],"content":"Topic: Fluids\nSaturated Vapor Pressure\nAir normally contains Vapor, and it mainly comes from Evaporation. In a closed container, when the amount of molecules in the vapor is equal to the number of molecules returning to the liquid, the gas is said to be saturated. The pressure of the vapor when it is saturated is called the saturated vapor pressure.\n\nReferences\nPhysics for Scientists &amp; Engineers with Modern Physics; Chapter 18"},"Concepts/Science/Physics/Fluid-Dynamics/Torricelli's-Theorem":{"title":"Torricelli's Theorem","links":["Fluid-Dynamics","Concepts/Science/Physics/Fluid-Dynamics/Bernoulli's-Equation","Concepts/Science/Physics/Fluid-Dynamics/Bernoulli's-Principle"],"tags":["science/physics/fluids"],"content":"Topic: Fluid Dynamics\nTorricelli’s Theorem\nThe velocity of the fluid coming out of the spout is the same as the velocity of a single droplet of fluid that falls from the height of the surface of the fluid in the container.\nThis is an application of Bernoulli’s Equation - or perhaps better said to be a particular case of Bernoulli’s Principle. The total energy at the source has to be equal to the energy at the spout.\nImagine a barrel of water with a spout and hose connected at the bottom. If you pointed the hose directly upward, the outcoming water would reach just as high as the current level of water in the barrel. This is essentially the logic behind Torricelli’s Theorem.\n\nReferences\n\nFluids in Motion: Crash Course Physics #15\n"},"Concepts/Science/Physics/Fluid-Dynamics/Van-der-Waals-Equation-of-State":{"title":"Van der Waals Equation of State","links":["Concepts/Science/Physics/Fluid-Dynamics/Fluids","Concepts/Science/Physics/Fluid-Dynamics/Ideal-Gas-Law","Concepts/Science/Physics/Fluid-Dynamics/Ideal-Gas","Textbooks/Physics/Physics-for-Scientists-and-Engineers/Physics-for-Scientists--and--Engineers-with-Modern-Physics"],"tags":["science/physics"],"content":"Topic: Fluids\nVan der Waals Equation of State\nThe Ideal Gas Law is just that; ideal. It turns out that gases don’t behave exactly like this, especially as your approach high pressures. The Van der Waals Equation of State is a way of accounting for the inaccuracies.\nThe two Ideal Gas assumptions that the Van der Waals equation accounts for are the effects of attractive forces between molecules and the finite volume of the molecules of a gas.\nIf we assume that the molecules of a gas are spherical with radius r and behave like hard spheres, the smallest distance possible is between two is 2r. Thus the actual volume cannot be 0. Let b represent the unavailable volume per mole of gas. Then we have\nP(V - nb) = nRT\nNext, we consider the intermolecular attraction between molecules. The molecules on the edge of the gas, near the wall of a container, are slowed down by these molecular forces and therefore exert less pressure on the wall. This gives us the term \\frac{a}{\\left(\\frac{V}{n}\\right)^{2}}, combining to give us the Van der Waals Equation of State:\n\\boxed{\\left(P + \\frac{a}{\\left(\\frac{V}{n}\\right)}^{2}\\right)\\left(\\frac{V}{n} - b\\right) = RT}\n\nReferences\nPhysics for Scientists &amp; Engineers with Modern Physics; Chapter 18"},"Concepts/Science/Physics/Fluid-Dynamics/Vapor":{"title":"Vapor","links":["Concepts/Science/Physics/Fluid-Dynamics/Fluids","Concepts/Science/Physics/Fluid-Dynamics/Ideal-Gas","Concepts/Science/Physics/Fluid-Dynamics/Critical-Temperature","Textbooks/Physics/Physics-for-Scientists-and-Engineers/Physics-for-Scientists--and--Engineers-with-Modern-Physics"],"tags":["science/physics"],"content":"Topic: Fluids\nVapor\nA vapor is very similar to a gas. However, the difference is that a substance below its Critical Temperature in the gaseous state is called a vapor; above the critical temperature it is called a gas.\n\nReferences\nPhysics for Scientists &amp; Engineers with Modern Physics; Chapter 18"},"index":{"title":"Introduction","links":[],"tags":[],"content":"Hello, World!\nHey there! I am Eben Quenneville, a Physics student at the University of New Hampshire. This is a publicly accessible sub-section of my personal notes network built using Obsidian. I published it using Quartz, an awesome static website generator for Markdown notes."}}